step,rate_scale,Q_ratio,t63_ratio,DeltaE_ratio
R1,0.1,0.8934889866547505,0.9585174032113106,0.9904032552413152
R1,1.0,1.0,1.0,1.0
R1,10.0,1.010391405770921,0.9968822550486516,1.0076308145442063
R2,0.1,0.3510256187539746,2.4373659657657707,0.8994681248114723
R2,1.0,1.0,1.0,1.0
R2,10.0,1.1829298863985005,0.9515215159746624,0.6360492953771012
R3,0.1,0.4954371012303195,1.5726164914417038,0.5339086928696682
R3,1.0,1.0,1.0,1.0
R3,10.0,1.3251376330452953,0.5296581414026005,0.6909777928998931
R4,0.1,0.9072643145629748,1.0576511959868624,1.093708321874152
R4,1.0,1.0,1.0,1.0
R4,10.0,1.0092986125901284,1.0033582693537588,0.9933732928689892
