pulse,Capacity_mAh_g,t50_HEO_min,t50_BM_min,t50_rate_ratio_HEO_over_BM,t63_HEO_min,t63_BM_min,t63_rate_ratio_HEO_over_BM,t90_HEO_min,t90_BM_min,t90_rate_ratio_HEO_over_BM
12,200.01129,5.75,5.3,1.0849056603773586,12.1,10.8,1.1203703703703702,40.4,38.65,1.0452781371280724
13,216.67830972222222,5.433333333333334,5.466666666666667,0.9939024390243902,11.75,11.083333333333334,1.0601503759398496,40.483333333333334,38.95,1.0393667094565682
14,233.34532944444445,5.066666666666666,5.516666666666667,0.918429003021148,11.2,11.216666666666667,0.9985141158989598,40.31666666666667,39.38333333333333,1.023698688108337
15,250.01234916666667,4.75,5.583333333333333,0.8507462686567164,10.616666666666667,11.383333333333333,0.9326500732064422,39.96666666666667,39.583333333333336,1.0096842105263157
16,266.6793688888889,4.383333333333334,5.666666666666667,0.7735294117647059,9.933333333333334,11.45,0.8675400291120816,39.5,39.81666666666667,0.9920468815403933
17,283.34638861111114,4.1,5.7,0.719298245614035,9.283333333333333,11.6,0.8002873563218391,38.71666666666667,40.083333333333336,0.9659043659043659
18,300.01340833333336,3.8666666666666667,5.783333333333333,0.6685878962536024,8.683333333333334,11.666666666666666,0.7442857142857143,37.68333333333333,40.083333333333336,0.94012474012474
19,316.6804280555556,3.6166666666666667,5.85,0.6182336182336183,8.133333333333333,11.766666666666667,0.6912181303116146,36.81666666666667,40.06666666666667,0.9188851913477537
20,333.3474477777778,3.5,5.866666666666666,0.5965909090909092,7.766666666666667,11.8,0.6581920903954802,35.96666666666667,40.28333333333333,0.8928423665701284
21,350.0144675,3.5,5.966666666666667,0.5865921787709497,7.616666666666666,11.866666666666667,0.6418539325842696,35.483333333333334,40.15,0.883769198837692
22,366.68148722222224,3.4,5.983333333333333,0.5682451253481894,7.3,11.816666666666666,0.6177715091678421,34.833333333333336,40.06666666666667,0.8693843594009983
23,383.34850694444447,3.4166666666666665,6.016666666666667,0.5678670360110804,7.216666666666667,11.85,0.609001406469761,34.06666666666667,40.1,0.8495428096425603
24,400.0155266666667,3.3333333333333335,6.083333333333333,0.5479452054794521,7.016666666666667,11.933333333333334,0.5879888268156425,33.38333333333333,40.1,0.8325020781379883
25,416.6825463888889,3.35,6.083333333333333,0.5506849315068494,7.0,11.816666666666666,0.5923836389280677,33.083333333333336,39.96666666666667,0.8277731442869057
26,433.34956611111113,3.4166666666666665,6.016666666666667,0.5678670360110804,7.083333333333333,11.716666666666667,0.604551920341394,33.1,39.85,0.8306148055207027
27,450.01658583333335,3.4166666666666665,6.0,0.5694444444444444,7.05,11.65,0.6051502145922747,32.6,39.416666666666664,0.8270613107822411
28,466.6836055555556,3.55,6.016666666666667,0.590027700831025,7.216666666666667,11.583333333333334,0.6230215827338129,32.833333333333336,39.516666666666666,0.8308730493462675
29,483.3506252777778,3.6,5.983333333333333,0.6016713091922006,7.266666666666667,11.55,0.6291486291486291,32.6,39.28333333333333,0.8298684768773866
30,500.017645,3.7,6.016666666666667,0.6149584487534626,7.416666666666667,11.5,0.644927536231884,32.666666666666664,39.333333333333336,0.8305084745762711
31,516.6846647222222,3.783333333333333,5.95,0.6358543417366946,7.583333333333333,11.333333333333334,0.6691176470588235,32.7,38.75,0.8438709677419356
32,533.3516844444445,3.9166666666666665,6.116666666666666,0.6403269754768393,7.966666666666667,11.5,0.6927536231884058,33.15,38.9,0.8521850899742931
33,550.0187041666667,4.033333333333333,5.966666666666667,0.6759776536312849,7.966666666666667,11.35,0.7019089574155654,33.016666666666666,38.56666666666667,0.8560933448573897
34,566.6857238888889,4.166666666666667,6.0,0.6944444444444445,8.133333333333333,11.366666666666667,0.7155425219941348,33.416666666666664,38.6,0.8657167530224524
35,583.3527436111111,4.316666666666666,5.966666666666667,0.723463687150838,8.333333333333334,11.366666666666667,0.7331378299120235,33.61666666666667,38.65,0.8697714532125916
36,600.0197633333333,4.466666666666667,5.983333333333333,0.7465181058495822,8.6,11.316666666666666,0.759941089837997,33.86666666666667,38.416666666666664,0.8815618221258135
37,616.6867830555556,4.65,6.016666666666667,0.7728531855955679,8.85,11.366666666666667,0.7785923753665689,34.03333333333333,38.416666666666664,0.8859002169197397
38,633.3538027777778,4.866666666666666,6.016666666666667,0.8088642659279778,9.15,11.283333333333333,0.810930576070901,34.583333333333336,38.333333333333336,0.9021739130434783
39,650.0208225,5.016666666666667,6.05,0.8292011019283747,9.466666666666667,11.383333333333333,0.8316251830161054,34.5,38.5,0.8961038961038961
40,666.6878422222222,5.233333333333333,6.133333333333334,0.8532608695652173,9.683333333333334,11.333333333333334,0.8544117647058823,34.833333333333336,38.28333333333333,0.9098824553765783
41,683.3548619444445,5.416666666666667,6.166666666666667,0.8783783783783784,10.016666666666667,11.416666666666666,0.8773722627737227,35.25,38.083333333333336,0.9256017505470459
42,700.0218816666667,5.633333333333334,6.166666666666667,0.9135135135135135,10.366666666666667,11.483333333333333,0.9027576197387519,35.7,38.28333333333333,0.9325206791467132
43,716.6889013888889,5.833333333333333,6.3,0.9259259259259259,10.616666666666667,11.633333333333333,0.9126074498567336,35.916666666666664,38.55,0.9316904453091224
44,733.3559211111111,6.1,6.366666666666666,0.9581151832460733,11.066666666666666,11.666666666666666,0.9485714285714286,36.21666666666667,38.36666666666667,0.9439617723718506
45,750.0229408333333,6.3,6.416666666666667,0.9818181818181817,11.35,11.85,0.9578059071729957,36.666666666666664,38.55,0.9511456982274104
46,766.6899605555556,6.583333333333333,6.6,0.9974747474747475,11.716666666666667,12.066666666666666,0.9709944751381215,37.03333333333333,38.733333333333334,0.9561101549053356
47,783.3569802777778,6.816666666666666,6.733333333333333,1.0123762376237624,12.083333333333334,12.216666666666667,0.9890859481582538,37.45,38.8,0.9652061855670104
48,800.024,7.05,6.883333333333334,1.0242130750605325,12.4,12.433333333333334,0.9973190348525469,37.68333333333333,38.88333333333333,0.9691384483497641
