sample,cycle,median_dE_pol60_mV,median_fast_0_3s_mV,median_dE_relax_3s_60min_mV,median_t63_min
HEO,1,195.856010,26.297610,168.488160,10.366667
HEO,2,142.649230,13.913270,129.194640,9.433333
HEO,3,149.988100,11.619870,138.368230,9.566667
BM-HEO,1,182.630770,22.245940,160.461275,13.016667
BM-HEO,2,134.240110,9.020700,125.678100,11.183333
BM-HEO,3,141.043855,8.026890,133.475645,11.325000
Mg-HEO,1,126.366115,15.289300,111.306150,10.525000
Mg-HEO,2,140.050050,12.307895,127.895055,9.825000
Mg-HEO,3,153.657530,12.613685,140.890960,9.525000
BM-Mg-HEO,1,148.153385,12.843010,135.233920,12.700000
BM-Mg-HEO,2,135.616140,8.867790,126.748350,10.900000
BM-Mg-HEO,3,150.981900,8.332670,142.649230,10.725000
