sample,bin,z_median,t63_median_min,n
HEO,0.225,0.2230769231,10.9083333333,4
HEO,0.275,0.2769230769,8.6833333333,3
HEO,0.325,0.3230769231,7.6166666667,3
HEO,0.375,0.3692307692,7.0166666667,3
HEO,0.425,0.4230769231,7.15,4
HEO,0.475,0.4769230769,7.5833333333,3
HEO,0.525,0.5230769231,8.1333333333,3
HEO,0.575,0.5692307692,8.85,3
HEO,0.615,0.6076923077,9.575,2
BM-HEO,0.225,0.2236842105,11.6,3
BM-HEO,0.275,0.2697368421,11.8083333333,4
BM-HEO,0.325,0.3223684211,11.8333333333,4
BM-HEO,0.375,0.375,11.5666666667,4
BM-HEO,0.425,0.4276315789,11.3583333333,4
BM-HEO,0.475,0.4736842105,11.3666666667,3
BM-HEO,0.525,0.5197368421,11.3583333333,4
BM-HEO,0.575,0.5723684211,11.65,4
BM-HEO,0.615,0.6118421053,12.1416666667,2
Mg-HEO,0.225,0.21875,12.5,2
Mg-HEO,0.275,0.2708333333,11.8,3
Mg-HEO,0.325,0.3229166667,11.075,2
Mg-HEO,0.375,0.375,10.45,3
Mg-HEO,0.425,0.4270833333,10.25,2
Mg-HEO,0.475,0.46875,10.275,2
Mg-HEO,0.525,0.5208333333,10.2,3
Mg-HEO,0.575,0.5729166667,10.3,2
Mg-HEO,0.615,0.6145833333,10.425,2
BM-Mg-HEO,0.225,0.2232142857,13.575,2
BM-Mg-HEO,0.275,0.2678571429,14.2,3
BM-Mg-HEO,0.325,0.3214285714,14.0,3
BM-Mg-HEO,0.375,0.375,13.65,3
BM-Mg-HEO,0.425,0.4285714286,13.25,3
BM-Mg-HEO,0.475,0.4732142857,12.8,2
BM-Mg-HEO,0.525,0.5178571429,12.5,3
BM-Mg-HEO,0.575,0.5714285714,12.15,3
BM-Mg-HEO,0.615,0.6160714286,12.0,2
